Feature,Importance
vix,0.0009965559033020574
high_low_spread,0.0009732676080091854
realized_volatility,0.0008684713391621699
rv_lag1,0.0006483414605634815
returns,0.0005831610838563525
returns_lag1,0.0003332104602657052
returns_lag22,0.0003107190713261237
rv_lag5,0.00028561371297444185
gpr_index,0.0002643633451358642
returns_lag5,0.0002544782736609278
rv_lag22,0.00013309442960086906
volume_normalized,8.266397748184703e-05
